{
    "0": {
        "precision": 0.7886178861788617,
        "recall": 0.7886178861788617,
        "f1-score": 0.7886178861788617,
        "support": 123.0
    },
    "1": {
        "precision": 0.8300653594771242,
        "recall": 0.8300653594771242,
        "f1-score": 0.8300653594771242,
        "support": 153.0
    },
    "accuracy": 0.8115942028985508,
    "macro avg": {
        "precision": 0.809341622827993,
        "recall": 0.809341622827993,
        "f1-score": 0.809341622827993,
        "support": 276.0
    },
    "weighted avg": {
        "precision": 0.8115942028985508,
        "recall": 0.8115942028985508,
        "f1-score": 0.8115942028985508,
        "support": 276.0
    }
}