{
    "0": {
        "precision": 0.7967479674796748,
        "recall": 0.7967479674796748,
        "f1-score": 0.7967479674796748,
        "support": 123.0
    },
    "1": {
        "precision": 0.8366013071895425,
        "recall": 0.8366013071895425,
        "f1-score": 0.8366013071895425,
        "support": 153.0
    },
    "accuracy": 0.8188405797101449,
    "macro avg": {
        "precision": 0.8166746373346087,
        "recall": 0.8166746373346087,
        "f1-score": 0.8166746373346087,
        "support": 276.0
    },
    "weighted avg": {
        "precision": 0.8188405797101449,
        "recall": 0.8188405797101449,
        "f1-score": 0.8188405797101449,
        "support": 276.0
    }
}