{
    "0": {
        "precision": 0.768595041322314,
        "recall": 0.7560975609756098,
        "f1-score": 0.7622950819672131,
        "support": 123.0
    },
    "1": {
        "precision": 0.8064516129032258,
        "recall": 0.8169934640522876,
        "f1-score": 0.8116883116883117,
        "support": 153.0
    },
    "accuracy": 0.7898550724637681,
    "macro avg": {
        "precision": 0.78752332711277,
        "recall": 0.7865455125139487,
        "f1-score": 0.7869916968277624,
        "support": 276.0
    },
    "weighted avg": {
        "precision": 0.7895807494812978,
        "recall": 0.7898550724637681,
        "f1-score": 0.7896761114865178,
        "support": 276.0
    }
}