{
    "0": {
        "precision": 0.7899159663865546,
        "recall": 0.7642276422764228,
        "f1-score": 0.7768595041322314,
        "support": 123.0
    },
    "1": {
        "precision": 0.8152866242038217,
        "recall": 0.8366013071895425,
        "f1-score": 0.8258064516129032,
        "support": 153.0
    },
    "accuracy": 0.8043478260869565,
    "macro avg": {
        "precision": 0.8026012952951882,
        "recall": 0.8004144747329827,
        "f1-score": 0.8013329778725673,
        "support": 276.0
    },
    "weighted avg": {
        "precision": 0.8039801353939527,
        "recall": 0.8043478260869565,
        "f1-score": 0.8039931380617342,
        "support": 276.0
    }
}