{
    "0": {
        "precision": 0.8,
        "recall": 0.7804878048780488,
        "f1-score": 0.7901234567901234,
        "support": 123.0
    },
    "1": {
        "precision": 0.8269230769230769,
        "recall": 0.8431372549019608,
        "f1-score": 0.8349514563106796,
        "support": 153.0
    },
    "accuracy": 0.8152173913043478,
    "macro avg": {
        "precision": 0.8134615384615385,
        "recall": 0.8118125298900047,
        "f1-score": 0.8125374565504015,
        "support": 276.0
    },
    "weighted avg": {
        "precision": 0.8149247491638796,
        "recall": 0.8152173913043478,
        "f1-score": 0.8149737608721709,
        "support": 276.0
    }
}