{
    "0": {
        "precision": 0.8016528925619835,
        "recall": 0.7886178861788617,
        "f1-score": 0.7950819672131147,
        "support": 123.0
    },
    "1": {
        "precision": 0.832258064516129,
        "recall": 0.8431372549019608,
        "f1-score": 0.8376623376623377,
        "support": 153.0
    },
    "accuracy": 0.8188405797101449,
    "macro avg": {
        "precision": 0.8169554785390563,
        "recall": 0.8158775705404113,
        "f1-score": 0.8163721524377262,
        "support": 276.0
    },
    "weighted avg": {
        "precision": 0.8186188031017816,
        "recall": 0.8188405797101449,
        "f1-score": 0.8186863030056187,
        "support": 276.0
    }
}